Workbook

Sheet README
A1: Orange Reply Assistant: quotation report (synthetic data)
A3: Purpose: a working model of the quotation rules, with every result calculated by formula.
A4: Data: all prices, packages and baskets are SYNTHETIC. The handling-time figures are the author's own recorded figures.
A6: Colour legend
A7: Blue text = hardcoded input you can change. Black text = formula. Yellow fill = key assumption.
A9: Sheets
A10: Inputs: threshold and roll-up settings.
A11: Prices: synthetic price list (tests and panels).
A12: Packages: synthetic packages and whether each includes a CBC-type test.
A13: Basket lines: each basket line, and whether it counts in the individual total, the quote after roll-up, and the package cover.
A14: Scenarios: individual vs quoted vs best quote, saving and decision, per basket.
A15: Tests: results of the 10 rule tests (status as recorded by npm test).
... A20: The handling-time comparison is not matched for chat mix or agents, so it is not a controlled result.

Sheet Inputs
A1: Inputs
A2: Change blue values only.
A3: Package threshold (Rs) | B3: 1000
A4: Roll-up minimum parts | B4: 2

Sheet Prices
A1: Prices (synthetic)
A2: Invented prices for illustration. Not the company price list.
A3: Type | B3: Name | C3: Price (Rs)
A4: test | B4: Sodium | C4: 100
A5: test | B5: Potassium | C5: 100
A6: test | B6: Chloride | C6: 100
A7: test | B7: Calcium | C7: 120
A8: test | B8: Uric Acid | C8: 150
A9: test | B9: Urea | C9: 130
A10: test | B10: Creatinine | C10: 140
A11: test | B11: ALT | C11: 160
A12: test | B12: AST | C12: 160
A13: test | B13: GGT | C13: 170
A14: test | B14: Total Bilirubin | C14: 140
A15: test | B15: Albumin | C15: 110
... A21: panel | B21: Liver Function Panel | C21: 900

Sheet Packages
A1: Packages (synthetic)
A2: Invented packages. The CBC column is the coverage flag used in the rules.
A3: Package | B3: Price (Rs) | C3: Includes CBC-type test (Y/N) | D3: Tests included
A4: Essential Checkup | B4: 900 | C4: Y | D4: Complete Blood Count with ESR; Vitamin D
A5: Basic Blood Count | B5: 400 | C5: Y | D5: Complete Blood Count with ESR
A6: Kidney and Liver Checkup | B6: 1500 | C6: N | D6: Kidney Function Panel; Liver Function Panel

Sheet Basket lines
A1: Basket lines
A2: Y/N flags drive every total. Price is looked up from the Prices sheet.
A3: Scenario | B3: Test | C3: Price (Rs) | D3: In individual total (Y/N) | E3: In quote after roll-up (Y/N) | F3: Covered by package (Y/N)
A4: S1 CBC + Vitamin D + Thyroid | B4: Complete Blood Count | C4: =INDEX(Prices!$C$4:$C$21,MATCH(B4,Prices!$B$4:$B$21,0)) -> 250 | D4: Y | E4: Y | F4: Y
A5: S1 CBC + Vitamin D + Thyroid | B5: Vitamin D | C5: =INDEX(Prices!$C$4:$C$21,MATCH(B5,Prices!$B$4:$B$21,0)) -> 900 | D5: Y | E5: Y | F5: Y
A6: S1 CBC + Vitamin D + Thyroid | B6: Thyroid Profile | C6: =INDEX(Prices!$C$4:$C$21,MATCH(B6,Prices!$B$4:$B$21,0)) -> 800 | D6: Y | E6: Y | F6: N
A7: S2 Sodium + Potassium + Vitamin D + Thyroid | B7: Sodium | C7: =INDEX(Prices!$C$4:$C$21,MATCH(B7,Prices!$B$4:$B$21,0)) -> 100 | D7: Y | E7: N | F7: N
A8: S2 Sodium + Potassium + Vitamin D + Thyroid | B8: Potassium | C8: =INDEX(Prices!$C$4:$C$21,MATCH(B8,Prices!$B$4:$B$21,0)) -> 100 | D8: Y | E8: N | F8: N
A9: S2 Sodium + Potassium + Vitamin D + Thyroid | B9: Vitamin D | C9: =INDEX(Prices!$C$4:$C$21,MATCH(B9,Prices!$B$4:$B$21,0)) -> 900 | D9: Y | E9: Y | F9: Y
A10: S2 Sodium + Potassium + Vitamin D + Thyroid | B10: Thyroid Profile | C10: =INDEX(Prices!$C$4:$C$21,MATCH(B10,Prices!$B$4:$B$21,0)) -> 800 | D10: Y | E10: Y | F10: N
A11: S2 Sodium + Potassium + Vitamin D + Thyroid | B11: Kidney Function Panel | C11: =INDEX(Prices!$C$4:$C$21,MATCH(B11,Prices!$B$4:$B$21,0)) -> 800 | D11: N | E11: Y | F11: N
A12: S3 Vitamin D + Thyroid | B12: Vitamin D | C12: =INDEX(Prices!$C$4:$C$21,MATCH(B12,Prices!$B$4:$B$21,0)) -> 900 | D12: Y | E12: Y | F12: Y
A13: S3 Vitamin D + Thyroid | B13: Thyroid Profile | C13: =INDEX(Prices!$C$4:$C$21,MATCH(B13,Prices!$B$4:$B$21,0)) -> 800 | D13: Y | E13: Y | F13: N
A15: Roll-up: Sodium and Potassium are left out of the quote and the Kidney Function Panel is added at its own price (two or more parts requested).

Sheet Scenarios
A1: Scenarios: individual vs quote vs best
A2: Package option is used only when it is cheaper than the quote and the basket is above the threshold.
A3: Scenario | B3: Individual total (Rs) | C3: Quote after roll-up (Rs) | D3: Package chosen | E3: Package price (Rs) | F3: Add-ons not covered (Rs) | G3: Package option total (Rs) | H3: Above threshold? | I3: Best quote (Rs) | J3: Saving vs quote (Rs) | K3: Decision
A4: S1 CBC + Vitamin D + Thyroid | B4: =SUMIFS('Basket lines'!$C$4:$C$13,'Basket lines'!$A$4:$A$13,A4,'Basket lines'!$D$4:$D$13,"Y") -> 1950 | C4: =SUMIFS('Basket lines'!$C$4:$C$13,'Basket lines'!$A$4:$A$13,A4,'Basket lines'!$E$4:$E$13,"Y") -> 1950 | D4: Essential Checkup | E4: =IF(D4="",0,INDEX(Packages!$B$4:$B$6,MATCH(D4,Packages!$A$4:$A$6,0))) -> 900 | F4: =IF(D4="",0,SUMIFS('Basket lines'!$C$4:$C$13,'Basket lines'!$A$4:$A$13,A4,'Basket lines'!$E$4:$E$13,"Y",'Basket lines'!$F$4:$F$13,"N")) -> 800 | G4: =IF(D4="",0,E4+F4) -> 1700 | H4: =IF(C4>Inputs!$B$3,"Yes","No") -> Yes | I4: =IF(AND(D4<>"",H4="Yes",G4<C4),G4,C4) -> 1700 | J4: =C4-I4 -> 250 | K4: =IF(J4>0,"Package option","Individual tests") -> Package option
A5: S2 Sodium + Potassium + Vitamin D + Thyroid | B5: =SUMIFS('Basket lines'!$C$4:$C$13,'Basket lines'!$A$4:$A$13,A5,'Basket lines'!$D$4:$D$13,"Y") -> 1900 | C5: =SUMIFS('Basket lines'!$C$4:$C$13,'Basket lines'!$A$4:$A$13,A5,'Basket lines'!$E$4:$E$13,"Y") -> 2500 | E5: =IF(D5="",0,INDEX(Packages!$B$4:$B$6,MATCH(D5,Packages!$A$4:$A$6,0))) -> 0 | F5: =IF(D5="",0,SUMIFS('Basket lines'!$C$4:$C$13,'Basket lines'!$A$4:$A$13,A5,'Basket lines'!$E$4:$E$13,"Y",'Basket lines'!$F$4:$F$13,"N")) -> 0 | G5: =IF(D5="",0,E5+F5) -> 0 | H5: =IF(C5>Inputs!$B$3,"Yes","No") -> Yes | I5: =IF(AND(D5<>"",H5="Yes",G5<C5),G5,C5) -> 2500 | J5: =C5-I5 -> 0 | K5: =IF(J5>0,"Package option","Individual tests") -> Individual tests
A6: S3 Vitamin D + Thyroid | B6: =SUMIFS('Basket lines'!$C$4:$C$13,'Basket lines'!$A$4:$A$13,A6,'Basket lines'!$D$4:$D$13,"Y") -> 1700 | C6: =SUMIFS('Basket lines'!$C$4:$C$13,'Basket lines'!$A$4:$A$13,A6,'Basket lines'!$E$4:$E$13,"Y") -> 1700 | D6: Essential Checkup | E6: =IF(D6="",0,INDEX(Packages!$B$4:$B$6,MATCH(D6,Packages!$A$4:$A$6,0))) -> 900 | F6: =IF(D6="",0,SUMIFS('Basket lines'!$C$4:$C$13,'Basket lines'!$A$4:$A$13,A6,'Basket lines'!$E$4:$E$13,"Y",'Basket lines'!$F$4:$F$13,"N")) -> 800 | G6: =IF(D6="",0,E6+F6) -> 1700 | H6: =IF(C6>Inputs!$B$3,"Yes","No") -> Yes | I6: =IF(AND(D6<>"",H6="Yes",G6<C6),G6,C6) -> 1700 | J6: =C6-I6 -> 0 | K6: =IF(J6>0,"Package option","Individual tests") -> Individual tests
A8: Roll-up effect (S2): quote after roll-up minus individual total | C8: =C5-B5 -> 600

Sheet Tests
A1: Rule tests
A2: Status as recorded from npm test in the portfolio repository.
A3: ID | B3: Scenario | C3: Expected | D3: Status (recorded)
A4: T1 | B4: Two parts roll up into the bigger test | C4: Roll-up to panel | D4: PASS
A5: T2 | B5: A single part is not rolled up | C5: No roll-up | D5: PASS
A6: T3 | B6: Bigger test already requested: parts dropped | C6: Parts dropped | D6: PASS
A7: T4 | B7: Bigger test has no price: parts kept | C7: Parts kept | D7: PASS
A8: T5 | B8: CBC covered by CBC with ESR | C8: Covered | D8: PASS
A9: T6 | B9: Cheaper package chosen, uncovered test added | C9: Rs 1,700, saving Rs 250 | D9: PASS
A10: T7 | B10: Basket below threshold not optimised | C10: No package check | D10: PASS
A11: T8 | B11: No cheaper option: individual quote kept | C11: Individual quote kept | D11: PASS
A12: T9 | B12: Unknown price reported, never guessed | C12: Reported unavailable | D12: PASS
A13: T10 | B13: End to end: panel quoted, packages compared | C13: Rs 2,500, no package | D13: PASS

Sheet Handling time
A1: Booking-chat handling time
A2: Author's own recorded figures. Not a controlled comparison.
A3: Period | B3: Average handling time (min) | C3: Chats | D3: Agents | E3: Basis
A4: Before (informal estimate) | B4: 20 | C4: not recorded | D4: not recorded | E4: Author's informal estimate
A5: After the change | B5: 10 | C5: 100 | D5: several | E5: Author's own records
A7: Change (min) | B7: =B5-B4 -> -10
A8: Change (%) | B8: =IF(B4=0,0,B7/B4) -> -0.5
A10: Not matched for chat mix or agents. Treat as an observed change, not proof the tool alone caused it.

Sheet Dashboard
A1: Dashboard: quotation rules and booking time
A2: All figures calculated from the sheets. Synthetic prices; handling time from the author's records.
A3: Headline | B3: Value | C3: Note
A4: Rule tests passed | B4: =COUNTIF(Tests!D4:D13,"PASS") -> 10 | C4: ="of "&COUNTA(Tests!A4:A13)&" tests" -> of 10 tests
A5: Saving on package basket S1 (Rs) | B5: =Scenarios!J4 -> 250 | C5: Cheaper package than individual tests
A6: Roll-up increase on basket S2 (Rs) | B6: =Scenarios!C8 -> 600 | C6: Rolling small tests into a panel raised the quote
A7: Handling time change | B7: ='Handling time'!B8 -> -0.5 | C7: From informal ~20 min to ~10 min (about 100 chats)
A8: Packages with a CBC-type test (internal count) | B8: 27 | C8: Recorded from the internal list (38 packages); names not shared
A9: Packages without a CBC-type test (internal count) | B9: 11 | C9: Same recount. Earlier figure of 17 was wrong
